<?xml version="1.0" encoding="UTF-8"?>
<!--
  Licensed to the Apache Software Foundation (ASF) under one or more
  contributor license agreements.  See the NOTICE file distributed with
  this work for additional information regarding copyright ownership.
  The ASF licenses this file to You under the Apache License, Version 2.0
  (the "License"); you may not use this file except in compliance with
  the License.  You may obtain a copy of the License at

  http://www.apache.org/licenses/LICENSE-2.0

  Unless required by applicable law or agreed to in writing, software
  distributed under the License is distributed on an "AS IS" BASIS,
  WITHOUT WARRANTIES OR CONDITIONS OF ANY KIND, either express or implied.
  See the License for the specific language governing permissions and
  limitations under the License.
-->
<FindBugsFilter>
  <!-- Expected because it is an implementation decision to give the
       behaviour required by JMS, that attempting to read a null as a
       primitive behaves like the matching valueOf(String s) method -->
  <Match>
    <Class name="org.apache.qpid.jms.message.JmsMapMessage"/>
    <Or>
      <Method name="getByte"/>
      <Method name="getShort"/>
      <Method name="getInt"/>
      <Method name="getFloat"/>
      <Method name="getDouble"/>
    </Or>
    <Bug pattern="NP_NULL_PARAM_DEREF"/>
  </Match>
  <Match>
    <Class name="org.apache.qpid.jms.message.JmsMapMessage"/>
    <Or>
      <Method name="getInt"/>
      <Method name="getLong"/>
    </Or>
    <Bug pattern="DM_BOXED_PRIMITIVE_FOR_PARSING"/>
  </Match>
  <Match>
    <Class name="org.apache.qpid.jms.message.JmsStreamMessage"/>
    <Or>
      <Method name="readByte"/>
      <Method name="readShort"/>
      <Method name="readInt"/>
      <Method name="readFloat"/>
      <Method name="readDouble"/>
    </Or>
    <Bug pattern="NP_NULL_PARAM_DEREF"/>
  </Match>

  <!-- Generated selector parser -->
  <Match>
    <Package name="org.apache.qpid.jms.selector.parser"/>
  </Match>
</FindBugsFilter>
